﻿<?xml version="1.0" encoding="utf-8"?>
<workSpace>
  <workSpaceID>MainWorkSpace</workSpaceID>
  <title>
  </title>
  <portfolioID>$PortfolioID</portfolioID>
  <strategyID>$StrategyID</strategyID>
  <versionID>$VersionID</versionID>
  <helpURL>HelpURL</helpURL>
  <onload>initialXML</onload>
  <luaScript>--XML初始化
function initialXML()
	gSelectETFIssueCode = ""
--接收盘口价格事件
	local lt = {}
	lt[0] = "ETFPremiumPriceType"
	lt[1] = "ETFDiscountPriceType"
	lt[2] = "ComponentPremiumPriceType"
	lt[3] = "ComponentDiscountPriceType"
	RegistOutEvent("$PortfolioID","$StrategyID","$VersionID","MarketPriceTypeEvent",lt,"","getPriceType")

	local lt2 = {}
	lt2[0] = "ETFConfidence"
	lt2[1] = "StockConfidence"
	RegistOutEvent("$PortfolioID","$StrategyID","$VersionID","OutputConfidence",lt2,"","getConfidence")
	local confidengceRequest = {}
	confidengceRequest["Flag"] = "True"
	DealInEvent("$PortfolioID","$StrategyID","$VersionID","ConfidenceRequest",confidengceRequest)
end

function getConfidence(args)
	gETFConfidence = args["ETFConfidence"]
	gStockConfidence = args["StockConfidence"]
	--MessageBoxShow("",gETFConfidence)
	SetProperty("SetETF.ETFConfidence","Text",gETFConfidence)
	SetProperty("SetETF.StockConfidence","Text",gStockConfidence)
end

function getPriceType(args)
	gETFPremiumPriceType = args["ETFPremiumPriceType"]
	gETFDiscountPriceType = args["ETFDiscountPriceType"]
	gComponentPremiumPriceType = args["ComponentPremiumPriceType"]
	gComponentDiscountPriceType = args["ComponentDiscountPriceType"]
	--MessageBoxShow("",gETFDiscountPriceType)
	
	SetProperty("MainWorkSpace.sub05.PremiumStockPriceSelect","SelectedValue",gComponentPremiumPriceType)
	SetProperty("MainWorkSpace.sub05.PremiumETFPriceSelect","SelectedValue",gETFPremiumPriceType)
	SetProperty("MainWorkSpace.sub05.DisCountStockPriceSelect","SelectedValue",gComponentDiscountPriceType)
	SetProperty("MainWorkSpace.sub05.DisCountETFPriceSelect","SelectedValue",gETFDiscountPriceType)
	SetProperty("MainWorkSpace.sub05.DisCountETFPriceSelect","SelectedValue",gETFDiscountPriceType)
end


function selectETF()
	local issueCode = GetValueFromTable("MainWorkSpace.sub01.ETFList","CurrentRow","IssueCode.Value")
	if gSelectETFIssueCode ~= issueCode then
		gSelectETFIssueCode = issueCode
		refreshGraph(issueCode)
		local lt =  {}
		lt["IssueCode"] = issueCode
		DealInEvent("$PortfolioID","$StrategyID","$VersionID","SelectETF",lt)
	end	
end

function SetTradeETF()
	local issueCode = GetValueFromTable("MainWorkSpace.sub01.ETFList","CurrentRow","IssueCode.Value")
	if issueCode ~= "" then
--[[
		local PortfolioID = "P2013111113230701746"
		local StrategyID = "SCS1_20131111083909292_000001"
		local VersionID = "24957"
]]
		local PortfolioID = "ETF_MOQI_PID"
		local StrategyID = "ETF_MOQI_SID"
		local VersionID = ""
		local userID = GetUserID()
		if userID ~= "999" then
			PortfolioID = "ETF_MOQI_" .. userID
		end
		
		local lt =  {}
		lt["ETFIssueCode"] = issueCode
		DealInEvent(PortfolioID,StrategyID,VersionID,"SelectETF",lt)
	end
end

function refreshGraph(issueCode)
	local lt = {}
	lt["1"] = "IssueCode#"..issueCode;
--	lt["2"] = "IssueCode#"..issueCode;
	RefreshGraph("MainWorkSpace.sub03.0;MainWorkSpace.sub03.1",lt)
	RefreshGraph("MainWorkSpace.sub04.0;MainWorkSpace.sub04.1",lt)
end

function getPremiumStockPriceSelect()
	local premiumStockPriceType = GetProperty("MainWorkSpace.sub05.PremiumStockPriceSelect","SelectedValue")
	
	if(premiumStockPriceType ~= gComponentPremiumPriceType) then
		gComponentPremiumPriceType = premiumStockPriceType
		ClearPremiumGraph()
--		ClearDisCountGraph()	
		local lt = {}
		lt["PremiumStockPriceType"] = premiumStockPriceType
		DealInEvent("$PortfolioID","$StrategyID","$VersionID","PremiumStockPriceSelect",lt)		
	end
end

function getPremiumETFPriceSelect()
	local premiumETFPriceType = GetProperty("MainWorkSpace.sub05.PremiumETFPriceSelect","SelectedValue")
	--MessageBoxShow("",premiumETFPriceType)
	local log = string.format("premiumETFPriceType = %s,gETFPremiumPriceType = %s",premiumETFPriceType,gETFPremiumPriceType)
	--MessageBoxShow("",log)
	if(premiumETFPriceType~= gETFPremiumPriceType)then
		gETFPremiumPriceType = premiumETFPriceType
		ClearPremiumGraph()
--		ClearDisCountGraph()	
		local lt = {}
		lt["PremiumETFPriceType"] = premiumETFPriceType
		DealInEvent("$PortfolioID","$StrategyID","$VersionID","PremiumETFPriceSelect",lt)
	end
end

function getDisCountStockPriceSelect()
	local disCountStockPriceType = GetProperty("MainWorkSpace.sub05.DisCountStockPriceSelect","SelectedValue")
	--MessageBoxShow("",disCountStockPriceType)
	if(disCountStockPriceType ~= gComponentDiscountPriceType) then
		gComponentDiscountPriceType = disCountStockPriceType
--		ClearPremiumGraph()
		ClearDisCountGraph()	
		local lt = {}
		lt["DisCountStockPriceType"] = disCountStockPriceType
		DealInEvent("$PortfolioID","$StrategyID","$VersionID","DisCountStockPriceSelect",lt)
	end
end

function getDisCountETFPriceSelect()
	local disCountETFPriceType = GetProperty("MainWorkSpace.sub05.DisCountETFPriceSelect","SelectedValue")
	--MessageBoxShow("",disCountETFPriceType)
	if(disCountETFPriceType ~= gETFDiscountPriceType) then
		gETFDiscountPriceType = disCountETFPriceType
	--	ClearPremiumGraph()
		ClearDisCountGraph()	
		local lt = {}
		lt["DisCountETFPriceType"] = disCountETFPriceType
		DealInEvent("$PortfolioID","$StrategyID","$VersionID","DisCountETFPriceSelect",lt)	
	end
end


function initialSetETF()
	SetProperty("SetETF.PremiumCondition1","Checked","True")
	SetProperty("SetETF.PremiumCondition2","Checked","True")
	SetProperty("SetETF.DisCountCondition","Checked","True")
	SetProperty("SetETF.ETFConfidence","Text",gETFConfidence)
	SetProperty("SetETF.StockConfidence","Text",gStockConfidence)
end


function SendSetETF()
	gETFConfidence = GetProperty("SetETF.ETFConfidence","Text")
	gStockConfidence = GetProperty("SetETF.StockConfidence","Text")
	
	local lt ={}
	lt["ETFConfidence"] = gETFConfidence
	lt["StockConfidence"] = gStockConfidence
	lt["PremiumCondition1"] = True
	lt["PremiumCondition2"] = True
	lt["DisCountCondition"] = True
	DealInEvent("$PortfolioID","$StrategyID","$VersionID","SetETF",lt)
end


function ClearPremiumGraph()
	--local lt = {}
	--RefreshGraph ("MainWorkSpace.sub03.0", lt)
	--RefreshGraph ("MainWorkSpace.sub03.1", lt)
	graphObject =  GetSMObjectByScope("MainWorkSpace.sub03.sub03")
	graphObject:ClearGraph()
	
end

function ClearDisCountGraph()
	--local lt = {}
	--RefreshGraph ("MainWorkSpace.sub04.0", lt)
	--RefreshGraph ("MainWorkSpace.sub04.1", lt)
	graphObject =  GetSMObjectByScope("MainWorkSpace.sub04.sub04")
	graphObject:ClearGraph()
end


function initialDeleteETF()
	local issueName = GetValueFromTable("MainWorkSpace.sub01.ETFList","CurrentRow","IssueCode.Value")
	--MessageBoxShow("",issueName)
	SetProperty("DeleteETF.ETFName","Text",issueName)
end



</luaScript>
  <lockSplitter>0</lockSplitter>
  <showSplitter>1</showSplitter>
  <needZoom>0</needZoom>
  <defaultTitleStyle>0</defaultTitleStyle>
  <styleList>
  </styleList>
  <splitterWndFrames rowCount="1" colCount="1">
    <splitterWnd wndID="sub00" rowIndex="0" colIndex="1" rowHeight="100%" colWidth="100%">
      <splitterWndFrames rowCount="3" colCount="1">
        <splitterWnd wndID="sub05" rowIndex="0" colIndex="0" rowHeight="12%" colWidth="100%" />
        <splitterWnd wndID="sub01" rowIndex="1" colIndex="0" rowHeight="21%" colWidth="100%" />
        <splitterWnd wndID="sub02" rowIndex="2" colIndex="0" rowHeight="68%" colWidth="100%">
          <splitterWndFrames rowCount="1" colCount="2">
            <splitterWnd wndID="sub03" rowIndex="0" colIndex="2" rowHeight="100%" colWidth="48%" />
            <splitterWnd wndID="sub04" rowIndex="0" colIndex="1" rowHeight="100%" colWidth="53%" />
          </splitterWndFrames>
        </splitterWnd>
      </splitterWndFrames>
    </splitterWnd>
  </splitterWndFrames>
  <sub>
    <splitterWndID>sub00</splitterWndID>
    <bgColor>RGB(0,0,0)</bgColor>
    <subID>sub00</subID>
    <position>
      <upleft>
        <x>0</x>
        <y>0</y>
      </upleft>
      <size>
        <h>100</h>
        <w>100</w>
      </size>
    </position>
    <visibleSetting>1</visibleSetting>
    <Border>
      <isDisplay>0</isDisplay>
      <color>RGB(0,0,0)</color>
      <lineType>0</lineType>
    </Border>
  </sub>
  <inEventList>
    <Event>
      <Name>SetETF</Name>
      <InEventID>InEventID</InEventID>
      <PortfolioID>$PortfolioID</PortfolioID>
      <StrategyID>$StrategyID</StrategyID>
      <VersionID>$VersionID</VersionID>
      <EventID>SetETF</EventID>
      <Describ>ETF设置</Describ>
      <VkKey>
      </VkKey>
      <InEventDlgSize>
        <Height>200</Height>
        <Width>320</Width>
      </InEventDlgSize>
      <IsOKConfirm>0</IsOKConfirm>
      <ConfirmText>
      </ConfirmText>
      <ScrollBar>0</ScrollBar>
      <Onload>initialSetETF</Onload>
      <OnClosing>
      </OnClosing>
      <AnimateWindow>0</AnimateWindow>
      <ShowOnlyOne>0</ShowOnlyOne>
      <HasPromptTone>0</HasPromptTone>
      <ShowTime>0</ShowTime>
      <Condition>
        <Name>ETFConfidence</Name>
        <Position>
          <Upleft>
            <X>149</X>
            <Y>49</Y>
          </Upleft>
          <Size>
            <H>19</H>
            <W>135</W>
          </Size>
        </Position>
        <CtrlEnable>1</CtrlEnable>
        <DisplayType>7</DisplayType>
        <Label>
          <Name>Lable1</Name>
          <Position>
            <Upleft>
              <X>49</X>
              <Y>51</Y>
            </Upleft>
            <Size>
              <H>13</H>
              <W>83</W>
            </Size>
          </Position>
          <CtrlEnable>1</CtrlEnable>
          <DisplayName>ETF 置信度(%)</DisplayName>
          <Visible>1</Visible>
          <TextAlign>center</TextAlign>
        </Label>
        <SpinProperty>
          <Type>
          </Type>
          <Delta>0</Delta>
          <RelyField>
          </RelyField>
          <AllowNegative>0</AllowNegative>
          <MaxValue>100</MaxValue>
          <MinValue>0</MinValue>
        </SpinProperty>
        <Value>
        </Value>
        <AllowNull>0</AllowNull>
      </Condition>
      <Condition>
        <Name>
        </Name>
        <Position>
          <Upleft>
            <X>21</X>
            <Y>23</Y>
          </Upleft>
          <Size>
            <H>101</H>
            <W>290</W>
          </Size>
        </Position>
        <CtrlEnable>1</CtrlEnable>
        <DisplayType>16</DisplayType>
        <ControlName>
        </ControlName>
        <Value>
        </Value>
      </Condition>
      <Condition>
        <Name>
        </Name>
        <Position>
          <Upleft>
            <X>21</X>
            <Y>140</Y>
          </Upleft>
          <Size>
            <H>119</H>
            <W>290</W>
          </Size>
        </Position>
        <CtrlEnable>1</CtrlEnable>
        <DisplayType>16</DisplayType>
        <ControlName>
        </ControlName>
        <Value>
        </Value>
        <Visible>0</Visible>
      </Condition>
      <Condition>
        <Name>PremiumCondition1</Name>
        <Position>
          <Upleft>
            <X>33</X>
            <Y>164</Y>
          </Upleft>
          <Size>
            <H>17</H>
            <W>264</W>
          </Size>
        </Position>
        <CtrlEnable>1</CtrlEnable>
        <DisplayType>4</DisplayType>
        <Label>
          <Name>Lable1</Name>
          <Position>
            <Upleft>
              <X>41</X>
              <Y>188</Y>
            </Upleft>
            <Size>
              <H>13</H>
              <W>247</W>
            </Size>
          </Position>
          <CtrlEnable>1</CtrlEnable>
          <DisplayName>列表的溢价预期利润需减去补退溢价比例部分</DisplayName>
          <Visible>1</Visible>
          <TextAlign>center</TextAlign>
        </Label>
        <Value>
        </Value>
        <OutEventField>
        </OutEventField>
        <CheckBoxProperty>
          <TrueValue>1</TrueValue>
          <FalseValue>0</FalseValue>
          <TableFilter>
          </TableFilter>
          <TableScope>
          </TableScope>
        </CheckBoxProperty>
        <Visible>0</Visible>
      </Condition>
      <Condition>
        <Name>StockConfidence</Name>
        <Position>
          <Upleft>
            <X>149</X>
            <Y>84</Y>
          </Upleft>
          <Size>
            <H>19</H>
            <W>135</W>
          </Size>
        </Position>
        <CtrlEnable>1</CtrlEnable>
        <DisplayType>7</DisplayType>
        <Label>
          <Name>Label1</Name>
          <Position>
            <Upleft>
              <X>49</X>
              <Y>88</Y>
            </Upleft>
            <Size>
              <H>13</H>
              <W>86</W>
            </Size>
          </Position>
          <CtrlEnable>1</CtrlEnable>
          <DisplayName>股票置信度(%)</DisplayName>
          <Visible>1</Visible>
          <TextAlign>center</TextAlign>
        </Label>
        <SpinProperty>
          <Type>
          </Type>
          <Delta>0</Delta>
          <RelyField>
          </RelyField>
          <AllowNegative>0</AllowNegative>
          <MaxValue>100</MaxValue>
          <MinValue>0</MinValue>
        </SpinProperty>
        <Value>
        </Value>
        <AllowNull>0</AllowNull>
      </Condition>
      <Condition>
        <Name>PremiumCondition2</Name>
        <Position>
          <Upleft>
            <X>33</X>
            <Y>194</Y>
          </Upleft>
          <Size>
            <H>17</H>
            <W>264</W>
          </Size>
        </Position>
        <CtrlEnable>1</CtrlEnable>
        <DisplayType>4</DisplayType>
        <Label>
          <Name>Lable1</Name>
          <Position>
            <Upleft>
              <X>40</X>
              <Y>263</Y>
            </Upleft>
            <Size>
              <H>13</H>
              <W>247</W>
            </Size>
          </Position>
          <CtrlEnable>1</CtrlEnable>
          <DisplayName>列表的溢价预期利润需减去其他溢价比例部分</DisplayName>
          <Visible>1</Visible>
          <TextAlign>center</TextAlign>
        </Label>
        <Value>
        </Value>
        <OutEventField>
        </OutEventField>
        <CheckBoxProperty>
          <TrueValue>1</TrueValue>
          <FalseValue>0</FalseValue>
          <TableFilter>
          </TableFilter>
          <TableScope>
          </TableScope>
        </CheckBoxProperty>
        <Visible>0</Visible>
      </Condition>
      <Condition>
        <Name>DisCountCondition</Name>
        <Position>
          <Upleft>
            <X>33</X>
            <Y>224</Y>
          </Upleft>
          <Size>
            <H>17</H>
            <W>264</W>
          </Size>
        </Position>
        <CtrlEnable>1</CtrlEnable>
        <DisplayType>4</DisplayType>
        <Label>
          <Name>Lable1</Name>
          <Position>
            <Upleft>
              <X>37</X>
              <Y>298</Y>
            </Upleft>
            <Size>
              <H>13</H>
              <W>247</W>
            </Size>
          </Position>
          <CtrlEnable>1</CtrlEnable>
          <DisplayName>列表的折价预期利润需减去补退折算比例部分</DisplayName>
          <Visible>1</Visible>
          <TextAlign>center</TextAlign>
        </Label>
        <Value>
        </Value>
        <OutEventField>
        </OutEventField>
        <CheckBoxProperty>
          <TrueValue>1</TrueValue>
          <FalseValue>0</FalseValue>
          <TableFilter>
          </TableFilter>
          <TableScope>
          </TableScope>
        </CheckBoxProperty>
        <Visible>0</Visible>
      </Condition>
      <OKButton>
        <Name>确定</Name>
        <Position>
          <Upleft>
            <X>60</X>
            <Y>135</Y>
          </Upleft>
          <Size>
            <H>23</H>
            <W>75</W>
          </Size>
        </Position>
        <CtrlEnable>1</CtrlEnable>
        <DisplayName>确定</DisplayName>
        <Visible>1</Visible>
        <ExecuteLua>SendSetETF</ExecuteLua>
      </OKButton>
      <CancelButton>
        <Name>取消</Name>
        <Position>
          <Upleft>
            <X>190</X>
            <Y>135</Y>
          </Upleft>
          <Size>
            <H>23</H>
            <W>75</W>
          </Size>
        </Position>
        <CtrlEnable>1</CtrlEnable>
        <DisplayName>取消</DisplayName>
        <Visible>1</Visible>
      </CancelButton>
    </Event>
    <Event>
      <Name>AddETF</Name>
      <InEventID>AddNewETF</InEventID>
      <PortfolioID>$PortfolioID</PortfolioID>
      <StrategyID>$StrategyID</StrategyID>
      <VersionID>$VersionID</VersionID>
      <EventID>AddNewETF</EventID>
      <Describ>添加ETF</Describ>
      <VkKey>
      </VkKey>
      <InEventDlgSize>
        <Height>160</Height>
        <Width>220</Width>
      </InEventDlgSize>
      <IsOKConfirm>0</IsOKConfirm>
      <ConfirmText>
      </ConfirmText>
      <ScrollBar>0</ScrollBar>
      <Onload>
      </Onload>
      <OnClosing>
      </OnClosing>
      <AnimateWindow>0</AnimateWindow>
      <ShowOnlyOne>0</ShowOnlyOne>
      <HasPromptTone>0</HasPromptTone>
      <ShowTime>0</ShowTime>
      <condition>
        <label>
          <displayName>选择ETF</displayName>
          <Position>
            <Upleft>
              <X>24</X>
              <Y>45</Y>
            </Upleft>
            <Size>
              <H>13</H>
              <W>49</W>
            </Size>
          </Position>
          <visible>1</visible>
          <ctrlenable>1</ctrlenable>
        </label>
        <name>IssueCode</name>
        <displayType>31</displayType>
        <comboxChoice>
        </comboxChoice>
        <value>
        </value>
        <Position>
          <Upleft>
            <X>83</X>
            <Y>41</Y>
          </Upleft>
          <Size>
            <H>21</H>
            <W>122</W>
          </Size>
        </Position>
        <referenceEvent>
          <name>OutputAllETFList</name>
          <field>AllETFList</field>
          <filter>
          </filter>
        </referenceEvent>
        <visible>1</visible>
        <ctrlEnable>1</ctrlEnable>
        <referenceInEvent>
        </referenceInEvent>
        <filtrate>0</filtrate>
        <outeventfield>
        </outeventfield>
        <allownull>1</allownull>
      </condition>
      <CancelButton>
        <Name>取消</Name>
        <Position>
          <Upleft>
            <X>125</X>
            <Y>90</Y>
          </Upleft>
          <Size>
            <H>23</H>
            <W>75</W>
          </Size>
        </Position>
        <CtrlEnable>1</CtrlEnable>
        <DisplayName>取消</DisplayName>
        <Visible>1</Visible>
      </CancelButton>
      <OKButton>
        <Name>确定</Name>
        <Position>
          <Upleft>
            <X>23</X>
            <Y>90</Y>
          </Upleft>
          <Size>
            <H>23</H>
            <W>75</W>
          </Size>
        </Position>
        <CtrlEnable>1</CtrlEnable>
        <DisplayName>确定</DisplayName>
        <Visible>1</Visible>
        <ExecuteLua>
        </ExecuteLua>
      </OKButton>
    </Event>
    <Event>
      <Name>DeleteETF</Name>
      <InEventID>InEventID</InEventID>
      <PortfolioID>$PortfolioID</PortfolioID>
      <StrategyID>$StrategyID</StrategyID>
      <VersionID>$VersionID</VersionID>
      <EventID>DeleteETF</EventID>
      <Describ>删除ETF</Describ>
      <VkKey>
      </VkKey>
      <InEventDlgSize>
        <Height>160</Height>
        <Width>220</Width>
      </InEventDlgSize>
      <IsOKConfirm>0</IsOKConfirm>
      <ConfirmText>
      </ConfirmText>
      <ScrollBar>0</ScrollBar>
      <Onload>
      </Onload>
      <OnClosing>
      </OnClosing>
      <AnimateWindow>0</AnimateWindow>
      <ShowOnlyOne>0</ShowOnlyOne>
      <HasPromptTone>0</HasPromptTone>
      <ShowTime>0</ShowTime>
      <CancelButton>
        <Name>取消</Name>
        <Position>
          <Upleft>
            <X>120</X>
            <Y>98</Y>
          </Upleft>
          <Size>
            <H>23</H>
            <W>75</W>
          </Size>
        </Position>
        <CtrlEnable>1</CtrlEnable>
        <DisplayName>取消</DisplayName>
        <Visible>1</Visible>
      </CancelButton>
      <OKButton>
        <Name>确定</Name>
        <Position>
          <Upleft>
            <X>21</X>
            <Y>98</Y>
          </Upleft>
          <Size>
            <H>23</H>
            <W>75</W>
          </Size>
        </Position>
        <CtrlEnable>1</CtrlEnable>
        <DisplayName>确定</DisplayName>
        <Visible>1</Visible>
      </OKButton>
      <Condition>
        <Name>ETFName</Name>
        <Position>
          <Upleft>
            <X>92</X>
            <Y>44</Y>
          </Upleft>
          <Size>
            <H>19</H>
            <W>100</W>
          </Size>
        </Position>
        <CtrlEnable>0</CtrlEnable>
        <DisplayType>3</DisplayType>
        <Label>
          <Name>Lable1</Name>
          <Position>
            <Upleft>
              <X>33</X>
              <Y>47</Y>
            </Upleft>
            <Size>
              <H>13</H>
              <W>49</W>
            </Size>
          </Position>
          <CtrlEnable>1</CtrlEnable>
          <DisplayName>删除ETF</DisplayName>
          <Visible>1</Visible>
          <TextAlign>center</TextAlign>
        </Label>
        <AllowNull>0</AllowNull>
        <Value>
        </Value>
        <BackColor>RGB(255,255,255)</BackColor>
      </Condition>
    </Event>
  </inEventList>
  <outEventList>
    <Event>
      <!--ETF列表-->
      <name>OutputAllETFList</name>
      <portfolioID>$PortfolioID</portfolioID>
      <strategyID>$StrategyID</strategyID>
      <versionID>$VersionID</versionID>
      <eventID>OutputAllETFList</eventID>
    </Event>
  </outEventList>
  <GUIEventList>
  </GUIEventList>
  <ControlEventList>
    <Event>
      <Name>ControlEventID</Name>
      <Condition>
        <Name>PremiumStockPriceSelect</Name>
        <Position>
          <Upleft>
            <X>91</X>
            <Y>20</Y>
          </Upleft>
          <Size>
            <H>21</H>
            <W>112</W>
          </Size>
        </Position>
        <CtrlEnable>1</CtrlEnable>
        <DisplayType>6</DisplayType>
        <Label>
          <Name>Lable2</Name>
          <Position>
            <Upleft>
              <X>31</X>
              <Y>24</Y>
            </Upleft>
            <Size>
              <H>13</H>
              <W>55</W>
            </Size>
          </Position>
          <CtrlEnable>1</CtrlEnable>
          <DisplayName>溢价盘口</DisplayName>
          <Visible>1</Visible>
          <TextAlign>center</TextAlign>
        </Label>
        <Filtrate>0</Filtrate>
        <ComboxChoice>AskPrice1:股票卖一价;AskPrice2:股票卖二价;AskPrice3:股票卖三价;AskPrice4:股票卖四价;AskPrice5:股票卖五价;LastPrice:股票成交价;AutoPrice:股票自动盘口;</ComboxChoice>
        <Value>
        </Value>
        <OutEventField>
        </OutEventField>
        <AllowNull>0</AllowNull>
        <ExecuteLua>getPremiumStockPriceSelect</ExecuteLua>
      </Condition>
      <Condition>
        <Name>PremiumETFPriceSelect</Name>
        <Position>
          <Upleft>
            <X>216</X>
            <Y>20</Y>
          </Upleft>
          <Size>
            <H>21</H>
            <W>112</W>
          </Size>
        </Position>
        <CtrlEnable>1</CtrlEnable>
        <DisplayType>6</DisplayType>
        <Label>
          <Name>Lable2</Name>
          <Position>
            <Upleft>
              <X>123</X>
              <Y>23</Y>
            </Upleft>
            <Size>
              <H>13</H>
              <W>49</W>
            </Size>
          </Position>
          <Visible>0</Visible>
          <CtrlEnable>1</CtrlEnable>
          <DisplayName>组合框2</DisplayName>
          <TextAlign>center</TextAlign>
        </Label>
        <Filtrate>0</Filtrate>
        <ComboxChoice>BidPrice1:ETF买一价;BidPrice2:ETF买二价;BidPrice3:ETF买三价;BidPrice4:ETF买四价;BidPrice5:ETF买五价;LastPrice:ETF成交价;AutoPrice:ETF自动盘口;</ComboxChoice>
        <Value>
        </Value>
        <OutEventField>
        </OutEventField>
        <AllowNull>0</AllowNull>
        <ExecuteLua>getPremiumETFPriceSelect</ExecuteLua>
      </Condition>
      <Condition>
        <Name>DisCountStockPriceSelect</Name>
        <Position>
          <Upleft>
            <X>429</X>
            <Y>20</Y>
          </Upleft>
          <Size>
            <H>21</H>
            <W>112</W>
          </Size>
        </Position>
        <CtrlEnable>1</CtrlEnable>
        <DisplayType>6</DisplayType>
        <Label>
          <Name>Lable2</Name>
          <Position>
            <Upleft>
              <X>369</X>
              <Y>24</Y>
            </Upleft>
            <Size>
              <H>13</H>
              <W>55</W>
            </Size>
          </Position>
          <CtrlEnable>1</CtrlEnable>
          <DisplayName>折价盘口</DisplayName>
          <Visible>1</Visible>
          <TextAlign>center</TextAlign>
        </Label>
        <Filtrate>0</Filtrate>
        <ComboxChoice>BidPrice1:股票买一价;BidPrice2:股票买二价;BidPrice3:股票买三价;BidPrice4:股票买四价;BidPrice5:股票买五价;LastPrice:股票成交价;AutoPrice:股票自动盘口;</ComboxChoice>
        <Value>
        </Value>
        <OutEventField>
        </OutEventField>
        <AllowNull>0</AllowNull>
        <ExecuteLua>getDisCountStockPriceSelect</ExecuteLua>
      </Condition>
      <Condition>
        <Name>DisCountETFPriceSelect</Name>
        <Position>
          <Upleft>
            <X>552</X>
            <Y>20</Y>
          </Upleft>
          <Size>
            <H>21</H>
            <W>112</W>
          </Size>
        </Position>
        <CtrlEnable>1</CtrlEnable>
        <DisplayType>6</DisplayType>
        <Label>
          <Name>Lable2</Name>
          <Position>
            <Upleft>
              <X>431</X>
              <Y>28</Y>
            </Upleft>
            <Size>
              <H>13</H>
              <W>49</W>
            </Size>
          </Position>
          <CtrlEnable>1</CtrlEnable>
          <DisplayName>组合框4</DisplayName>
          <Visible>0</Visible>
          <TextAlign>center</TextAlign>
        </Label>
        <Filtrate>0</Filtrate>
        <ComboxChoice>AskPrice1:ETF卖一价;AskPrice2:ETF卖二价;AskPrice3:ETF卖三价;AskPrice4:ETF卖四价;AskPrice5:ETF卖五价;LastPrice:ETF成交价;AutoPrice:ETF自动盘口;</ComboxChoice>
        <Value>
        </Value>
        <OutEventField>
        </OutEventField>
        <AllowNull>0</AllowNull>
        <ExecuteLua>getDisCountETFPriceSelect</ExecuteLua>
      </Condition>
      <Button>
        <Name>按钮1</Name>
        <Position>
          <Upleft>
            <X>710</X>
            <Y>19</Y>
          </Upleft>
          <Size>
            <H>23</H>
            <W>99</W>
          </Size>
        </Position>
        <CtrlEnable>1</CtrlEnable>
        <Visible>1</Visible>
        <ButtonID>按钮1</ButtonID>
        <DisplayName>ETF设置</DisplayName>
        <Font>
          <Type>Tahoma</Type>
          <Size>10.66667</Size>
          <Bord>0</Bord>
          <Italic>0</Italic>
          <Color>RGB(0,0,0)</Color>
        </Font>
        <ActionReceiver>
          <ReceiverObject>InEvent.SetETF</ReceiverObject>
          <ReportID>-1</ReportID>
          <ValueSourceFields>
            <ReceiverScope>
            </ReceiverScope>
            <FieldMap />
          </ValueSourceFields>
        </ActionReceiver>
        <InEvent>
          <PortfolioID>
          </PortfolioID>
          <StrategyID>
          </StrategyID>
          <VersionID>
          </VersionID>
          <EventID>
          </EventID>
          <FieldMap />
        </InEvent>
        <OutEvent>
          <Name>
          </Name>
          <PortfolioID>
          </PortfolioID>
          <StrategyID>
          </StrategyID>
          <VersionID>
          </VersionID>
          <EventID>
          </EventID>
          <FieldMap />
        </OutEvent>
      </Button>
    </Event>
  </ControlEventList>
  <sub>
    <splitterWndID>sub01</splitterWndID>
    <visibleSetting>1</visibleSetting>
    <bgColor>RGB(0,0,0)</bgColor>
    <subID>sub01</subID>
    <layGroup />
    <position>
      <upleft>
        <x>0</x>
        <y>0</y>
      </upleft>
      <size>
        <h>100</h>
        <w>100</w>
      </size>
    </position>
    <border>
      <isDisplay>1</isDisplay>
      <color>RGB(105,105,105)</color>
      <lineType>0</lineType>
    </border>
    <Zorder>
    </Zorder>
    <lay>
      <eventID>ETFArbiSpaceEvent</eventID>
      <layID>1</layID>
      <layName>layName</layName>
      <visible>1</visible>
      <grahORtable>0</grahORtable>
      <portfolioID>$PortfolioID</portfolioID>
      <strategyID>$StrategyID</strategyID>
      <versionID>$VersionID</versionID>
      <bgColor>RGB(0,0,0)</bgColor>
      <tabPageIndex>-1</tabPageIndex>
      <DrawTxtfont>
        <color>RGB(255,255,255)</color>
        <type>宋体</type>
        <size>13</size>
        <bord>1</bord>
        <italic>0</italic>
      </DrawTxtfont>
      <border>
        <color>RGB(255,255,255)</color>
        <isDisplay>1</isDisplay>
        <lineType>0</lineType>
      </border>
      <table>
        <name>ETFList</name>
        <leftBlank>1</leftBlank>
        <titleAlignment>center</titleAlignment>
        <titleHeight>2</titleHeight>
        <headingBackColor>RGB(0,0,0)</headingBackColor>
        <headingHeight>20</headingHeight>
        <rowHeight>100</rowHeight>
        <gridLineColor>RGB(80,120,120)</gridLineColor>
        <gridLineWidth>1</gridLineWidth>
        <rowFilter>DeleteFlag != "1"</rowFilter>
        <highLightRowColor>RGB(1,32,61)</highLightRowColor>
        <dataChangedSound>
        </dataChangedSound>
        <headingFont>
          <color>RGB(255,255,255)</color>
          <type>宋体</type>
          <size>12</size>
          <bord>0</bord>
          <italic>0</italic>
        </headingFont>
        <rowFont>
          <color>RGB(220,220,220)</color>
          <type>Arial</type>
          <size>12</size>
          <bord>0</bord>
          <italic>0</italic>
        </rowFont>
        <TableAction>
          <ActionName>SelectETF</ActionName>
          <RightMenuItem>
            <executelua>
            </executelua>
            <menuitemtext>
            </menuitemtext>
            <groupid>0</groupid>
            <orderno>0</orderno>
          </RightMenuItem>
          <ActionReceiver>
            <receiverobject>
            </receiverobject>
            <receiveroutevent>
            </receiveroutevent>
            <receiverscope>
            </receiverscope>
          </ActionReceiver>
          <Name>SelectETF</Name>
          <ActionType>TableDoubleClick</ActionType>
          <ExecuteLua>selectETF</ExecuteLua>
          <actionfilter>
          </actionfilter>
          <Class>
          </Class>
        </TableAction>
        <TableAction>
          <ActionName>AddETF</ActionName>
          <RightMenuItem>
            <OrderNO>1</OrderNO>
            <GroupID>1</GroupID>
            <MenuItemText>添加ETF</MenuItemText>
            <executelua>
            </executelua>
          </RightMenuItem>
          <ActionReceiver>
            <ReceiverObject>InEvent.AddETF</ReceiverObject>
            <receiveroutevent>
            </receiveroutevent>
            <receiverscope>
            </receiverscope>
          </ActionReceiver>
          <Name>AddETF</Name>
          <actiontype>
          </actiontype>
          <actionfilter>
          </actionfilter>
          <ExecuteLua>
          </ExecuteLua>
          <!--ExecuteLua>ETFListRequest</ExecuteLua-->
        </TableAction>
        <TableAction>
          <ActionName>DeleteETF</ActionName>
          <RightMenuItem>
            <GroupID>1</GroupID>
            <OrderNO>2</OrderNO>
            <MenuItemText>删除ETF</MenuItemText>
            <executelua>
            </executelua>
          </RightMenuItem>
          <ActionReceiver>
            <ReceiverObject>InEvent.DeleteETF</ReceiverObject>
            <receiveroutevent>
            </receiveroutevent>
            <receiverscope>
            </receiverscope>
          </ActionReceiver>
          <Name>DeleteETF</Name>
          <actiontype>
          </actiontype>
          <actionfilter>
          </actionfilter>
          <ExecuteLua>initialDeleteETF</ExecuteLua>
        </TableAction>
        <TableAction>
          <ActionName>SetTradeETF</ActionName>
          <RightMenuItem>
            <OrderNO>1</OrderNO>
            <MenuItemText>设为交易ETF</MenuItemText>
            <executelua>
            </executelua>
            <groupid>0</groupid>
          </RightMenuItem>
          <ActionReceiver>
            <receiverobject>
            </receiverobject>
            <receiveroutevent>
            </receiveroutevent>
            <receiverscope>
            </receiverscope>
          </ActionReceiver>
          <ExecuteLua>SetTradeETF</ExecuteLua>
          <Name>SetTradeETF</Name>
          <actiontype>
          </actiontype>
          <actionfilter>
          </actionfilter>
        </TableAction>
        <TableCondition>
          <Field>PremiumProfit</Field>
          <BoolExpression>PremiumProfit &gt; DeleteFlag</BoolExpression>
          <ColorForTrue>RGB(255,0,0)</ColorForTrue>
        </TableCondition>
        <TableCondition>
          <Field>PremiumProfit</Field>
          <BoolExpression>PremiumProfit &lt; DeleteFlag</BoolExpression>
          <ColorForTrue>RGB(0,255,0)</ColorForTrue>
        </TableCondition>
        <TableCondition>
          <Field>DiscountProfit</Field>
          <BoolExpression>DiscountProfit &gt; DeleteFlag</BoolExpression>
          <ColorForTrue>RGB(255,0,0)</ColorForTrue>
        </TableCondition>
        <TableCondition>
          <Field>DiscountProfit</Field>
          <BoolExpression>DiscountProfit &lt; DeleteFlag</BoolExpression>
          <ColorForTrue>RGB(0,255,0)</ColorForTrue>
        </TableCondition>
        <SelectedFontReverseColor>0</SelectedFontReverseColor>
        <HeadName>
          <Field>IssueCode</Field>
          <Sort>1</Sort>
          <headingTextAlignment>center</headingTextAlignment>
          <columnDataAlignment>left</columnDataAlignment>
          <columnDataType>string</columnDataType>
          <ColumnWidth>65</ColumnWidth>
          <NewName>合约号</NewName>
          <ComputeField />
          <FormatType />
          <Name>合约号</Name>
        </HeadName>
        <headName>
          <field>ETFName</field>
          <newName>ETF</newName>
          <key>1</key>
          <columnWidth>0</columnWidth>
          <headingTextAlignment>center</headingTextAlignment>
          <columnDataAlignment>left</columnDataAlignment>
          <columnDataType>string</columnDataType>
          <columnIndex>0</columnIndex>
          <isComputeField>0</isComputeField>
          <columnDataFont>
            <color>RGB(255,255,255)</color>
            <type>宋体</type>
            <size>13</size>
            <bord>0</bord>
            <italic>0</italic>
          </columnDataFont>
          <formatType>
            <dividedBy>
            </dividedBy>
            <decimalDigits>
            </decimalDigits>
            <isRound>
            </isRound>
            <unit>
            </unit>
          </formatType>
          <computeField>
            <expression>
            </expression>
          </computeField>
          <Name>ETF</Name>
        </headName>
        <HeadName>
          <Field>ETFPremMarketValue</Field>
          <ColumnWidth>80</ColumnWidth>
          <NewName>ETF溢价盘口市值</NewName>
          <ComputeField />
          <FormatType />
          <Name>ETF溢价盘口市值</Name>
          <HeadingTextAlignment>center</HeadingTextAlignment>
          <showComma>1</showComma>
          <ColumnDataAlignment>right</ColumnDataAlignment>
        </HeadName>
        <HeadName>
          <Field>ComponentPremMarketValue</Field>
          <ColumnWidth>100</ColumnWidth>
          <NewName>成分股溢价盘口市值</NewName>
          <ComputeField />
          <FormatType />
          <Name>成分股溢价盘口市值</Name>
          <HeadingTextAlignment>center</HeadingTextAlignment>
          <showComma>1</showComma>
          <ColumnDataAlignment>right</ColumnDataAlignment>
        </HeadName>
        <HeadName>
          <Field>PremFare</Field>
          <ColumnWidth>75</ColumnWidth>
          <NewName>溢价预期费用</NewName>
          <ComputeField />
          <FormatType />
          <Name>溢价预期费用</Name>
          <HeadingTextAlignment>center</HeadingTextAlignment>
          <showComma>1</showComma>
          <ColumnDataAlignment>right</ColumnDataAlignment>
        </HeadName>
        <HeadName>
          <Field>ETFPremPrice</Field>
          <ColumnWidth>75</ColumnWidth>
          <NewName>溢价ETF价格</NewName>
          <ComputeField />
          <FormatType />
          <Name>溢价ETF价格</Name>
          <HeadingTextAlignment>center</HeadingTextAlignment>
          <ColumnDataAlignment>right</ColumnDataAlignment>
        </HeadName>
        <HeadName>
          <Field>ComponentPremPrice</Field>
          <ColumnWidth>75</ColumnWidth>
          <NewName>溢价篮子价格</NewName>
          <ComputeField />
          <FormatType />
          <Name>溢价篮子价格</Name>
          <HeadingTextAlignment>center</HeadingTextAlignment>
          <ColumnDataAlignment>right</ColumnDataAlignment>
        </HeadName>
        <HeadName>
          <Field>PremiumProfit</Field>
          <ColumnWidth>75</ColumnWidth>
          <NewName>溢价预期利润</NewName>
          <ComputeField />
          <FormatType />
          <Name>溢价预期利润</Name>
          <HeadingTextAlignment>center</HeadingTextAlignment>
          <showComma>1</showComma>
          <ColumnDataAlignment>right</ColumnDataAlignment>
        </HeadName>
        <HeadName>
          <Field>ETFDiscMarketValue</Field>
          <ColumnWidth>80</ColumnWidth>
          <NewName>ETF折价盘口市值</NewName>
          <ComputeField />
          <FormatType />
          <Name>ETF折价盘口市值</Name>
          <HeadingTextAlignment>center</HeadingTextAlignment>
          <showComma>1</showComma>
          <ColumnDataAlignment>right</ColumnDataAlignment>
        </HeadName>
        <HeadName>
          <Field>ComponentDiscMarketValue</Field>
          <ColumnWidth>100</ColumnWidth>
          <NewName>成分股折价盘口市值</NewName>
          <ComputeField />
          <FormatType />
          <Name>成分股折价盘口市值</Name>
          <HeadingTextAlignment>center</HeadingTextAlignment>
          <showComma>1</showComma>
          <ColumnDataAlignment>right</ColumnDataAlignment>
        </HeadName>
        <HeadName>
          <Field>DiscFare</Field>
          <ColumnWidth>70</ColumnWidth>
          <NewName>折价预期费用</NewName>
          <ComputeField />
          <FormatType />
          <Name>折价预期费用</Name>
          <HeadingTextAlignment>center</HeadingTextAlignment>
          <showComma>1</showComma>
          <ColumnDataAlignment>right</ColumnDataAlignment>
        </HeadName>
        <HeadName>
          <Field>ETFDiscPrice</Field>
          <ColumnWidth>70</ColumnWidth>
          <NewName>折价ETF价格</NewName>
          <ComputeField />
          <FormatType />
          <Name>折价ETF价格</Name>
          <HeadingTextAlignment>center</HeadingTextAlignment>
          <ColumnDataAlignment>right</ColumnDataAlignment>
        </HeadName>
        <HeadName>
          <Field>ComponentDiscPrice</Field>
          <ColumnWidth>70</ColumnWidth>
          <NewName>折价篮子价格</NewName>
          <ComputeField />
          <FormatType />
          <Name>折价篮子价格</Name>
          <HeadingTextAlignment>center</HeadingTextAlignment>
          <ColumnDataAlignment>right</ColumnDataAlignment>
        </HeadName>
        <HeadName>
          <Field>DiscountProfit</Field>
          <ColumnWidth>70</ColumnWidth>
          <NewName>折价预期利润</NewName>
          <ComputeField />
          <FormatType />
          <Name>折价预期利润</Name>
          <HeadingTextAlignment>center</HeadingTextAlignment>
          <showComma>1</showComma>
          <ColumnDataAlignment>right</ColumnDataAlignment>
        </HeadName>
        <HeadName>
          <Field>DeleteFlag</Field>
          <ColumnWidth>0</ColumnWidth>
          <NewName>DeleteFlag</NewName>
          <ComputeField />
          <FormatType />
          <Name>DeleteFlag</Name>
        </HeadName>
      </table>
    </lay>
  </sub>
  <sub>
    <splitterWndID>sub03</splitterWndID>
    <visibleSetting>1</visibleSetting>
    <bgColor>RGB(0,0,0)</bgColor>
    <subID>sub03</subID>
    <layGroup>
      <group align="v" value="1;0;" displayBar="0" layOrGraph="0" />
    </layGroup>
    <position>
      <upleft>
        <x>0</x>
        <y>0</y>
      </upleft>
      <size>
        <h>100</h>
        <w>100</w>
      </size>
    </position>
    <border>
      <isDisplay>1</isDisplay>
      <color>RGB(105,105,105)</color>
      <lineType>0</lineType>
    </border>
    <Zorder>
    </Zorder>
    <lay>
      <eventID>PremiumArbitrageLine</eventID>
      <layID>1</layID>
      <layName>溢价</layName>
      <visible>1</visible>
      <grahORtable>7</grahORtable>
      <portfolioID>$PortfolioID</portfolioID>
      <strategyID>$StrategyID</strategyID>
      <versionID>$VersionID</versionID>
      <bgColor>RGB(32,32,32)</bgColor>
      <position>
        <upleft>
          <x>0</x>
          <y>0</y>
        </upleft>
        <size>
          <w>100</w>
          <h>70</h>
        </size>
      </position>
      <DrawTxtfont>
        <color>RGB(255,255,255)</color>
        <type>Arial Narrow</type>
        <size>8</size>
        <bord>0</bord>
        <italic>0</italic>
        <bold>0</bold>
      </DrawTxtfont>
      <border>
        <color>RGB(0,255,255)</color>
        <isDisplay>1</isDisplay>
        <lineType>1</lineType>
      </border>
      <grah>
        <relationID>0</relationID>
        <sizeRelationID>0</sizeRelationID>
        <isTransparence>0</isTransparence>
        <reticleColor>RGB(255,255,255)</reticleColor>
        <rightScrollStep>10</rightScrollStep>
        <leftScrollStep>10</leftScrollStep>
        <xFieldIndex>0</xFieldIndex>
        <yFieldIndex>
        </yFieldIndex>
        <leftYFieldIndex>
        </leftYFieldIndex>
        <coordinateX>
          <color>RGB(255,0,0)</color>
          <pixSpace>2</pixSpace>
          <visible>1</visible>
          <dataType>5</dataType>
          <font>
            <color>RGB(255,255,255)</color>
            <type>Arial Narrow</type>
            <size>8</size>
            <bord>0</bord>
            <italic>0</italic>
          </font>
          <reticleTip>
            <tipColor>RGB(255,0,0)</tipColor>
            <tipFont>
              <color>RGB(255,255,255)</color>
              <type>Arial Narrow</type>
              <size>8</size>
              <bord>0</bord>
              <italic>0</italic>
            </tipFont>
          </reticleTip>
        </coordinateX>
        <coordinateLeftY>
          <color>RGB(255,0,0)</color>
          <visible>1</visible>
          <axisSpace>8</axisSpace>
          <rangeType>0</rangeType>
          <userDefineMax>100</userDefineMax>
          <userDefineMin>2</userDefineMin>
          <digits>2</digits>
          <font>
            <color>RGB(255,255,255)</color>
            <type>Arial Narrow</type>
            <size>8</size>
            <bord>0</bord>
            <italic>0</italic>
          </font>
          <grid>
            <display>1</display>
            <lineColor>RGB(255,0,0)</lineColor>
            <lineType>1</lineType>
            <lineWidth>1</lineWidth>
            <alpha>69</alpha>
            <interval>3</interval>
          </grid>
          <reticleTip>
            <tipColor>RGB(255,0,0)</tipColor>
            <tipFont>
              <color>RGB(255,255,255)</color>
              <type>Arial Narrow</type>
              <size>8</size>
              <bord>0</bord>
              <italic>0</italic>
            </tipFont>
          </reticleTip>
        </coordinateLeftY>
        <coordinateRightY>
          <color>RGB(255,0,0)</color>
          <visible>1</visible>
          <axisSpace>8</axisSpace>
          <rangeType>0</rangeType>
          <userDefineMax>100</userDefineMax>
          <userDefineMin>2</userDefineMin>
          <digits>2</digits>
          <font>
            <color>RGB(255,255,255)</color>
            <type>Arial Narrow</type>
            <size>8</size>
            <bord>0</bord>
            <italic>0</italic>
          </font>
          <grid>
            <display>1</display>
            <lineColor>RGB(255,0,0)</lineColor>
            <lineType>1</lineType>
            <lineWidth>1</lineWidth>
            <alpha>69</alpha>
            <interval>3</interval>
          </grid>
          <reticleTip>
            <tipColor>RGB(255,0,0)</tipColor>
            <tipFont>
              <color>RGB(255,255,255)</color>
              <type>Arial Narrow</type>
              <size>8</size>
              <bord>0</bord>
              <italic>0</italic>
            </tipFont>
          </reticleTip>
        </coordinateRightY>
        <GraphAction>
          <ActionName>ActionName</ActionName>
          <RightMenuItem />
          <ActionReceiver />
        </GraphAction>
        <Shape>
          <Shapetype>0</Shapetype>
          <Shapestyle>0</Shapestyle>
          <Drawshapeelement>
            <Name>
            </Name>
            <LineColor>RGB(255,255,255)</LineColor>
            <LineType>0</LineType>
            <LineWidth>0</LineWidth>
          </Drawshapeelement>
          <Drawpointindex>
            <Value>2;</Value>
          </Drawpointindex>
        </Shape>
        <Shape>
          <Shapetype>0</Shapetype>
          <Shapestyle>0</Shapestyle>
          <Drawshapeelement>
            <Name>
            </Name>
            <LineColor>RGB(255,255,0)</LineColor>
            <LineType>0</LineType>
            <LineWidth>0</LineWidth>
          </Drawshapeelement>
          <Drawpointindex>
            <Value>1;</Value>
          </Drawpointindex>
        </Shape>
        <Shape>
          <Shapetype>0</Shapetype>
          <Shapestyle>0</Shapestyle>
          <Drawshapeelement>
            <Name>
            </Name>
            <LineColor>RGB(0,255,0)</LineColor>
            <LineType>0</LineType>
            <LineWidth>0</LineWidth>
          </Drawshapeelement>
          <Drawpointindex>
            <Value>17;</Value>
          </Drawpointindex>
        </Shape>
        <titletextfieldindex>4;17;1;2;</titletextfieldindex>
        <TitleTextFieldColor>
          <Index>4</Index>
          <Color>RGB(255,0,0)</Color>
          <Digits>0</Digits>
          <Index>17</Index>
          <Color>RGB(0,255,0)</Color>
          <Index>1</Index>
          <Color>RGB(255,255,0)</Color>
          <Index>2</Index>
          <Color>RGB(255,255,255)</Color>
        </TitleTextFieldColor>
      </grah>
      <Condition>
        <name>_TimeKey</name>
      </Condition>
      <Condition>
        <name>StockPremiumNetValue</name>
        <showname>盘净</showname>
      </Condition>
      <Condition>
        <name>PremiumMarketValue</name>
        <showname>市</showname>
      </Condition>
      <Condition>
        <name>PremiumRate</name>
        <showname>率</showname>
      </Condition>
      <Condition>
        <name>IssueCode</name>
        <showname>ETF</showname>
      </Condition>
      <Condition>
        <name>IssueName</name>
      </Condition>
      <Condition>
        <name>AskPrice_5</name>
        <showname>卖五</showname>
      </Condition>
      <Condition>
        <name>AskPrice_4</name>
        <showname>卖四</showname>
      </Condition>
      <Condition>
        <name>AskPrice_3</name>
        <showname>卖三</showname>
      </Condition>
      <Condition>
        <name>AskPrice_2</name>
        <showname>卖二</showname>
      </Condition>
      <Condition>
        <name>AskPrice_1</name>
        <showname>卖一</showname>
      </Condition>
      <Condition>
        <name>Price</name>
        <showname>成交</showname>
      </Condition>
      <Condition>
        <name>BidPrice_1</name>
        <showname>买一</showname>
      </Condition>
      <Condition>
        <name>BidPrice_2</name>
        <showname>买二</showname>
      </Condition>
      <Condition>
        <name>BidPrice_3</name>
        <showname>买三</showname>
      </Condition>
      <Condition>
        <name>BidPrice_4</name>
        <showname>买四</showname>
      </Condition>
      <Condition>
        <name>BidPrice_5</name>
        <showname>买五</showname>
      </Condition>
      <Condition>
        <name>PremiumIOPV</name>
        <showname>净</showname>
      </Condition>
      <Condition>
        <name>PremiumTradeCostPerShare</name>
        <showname>本</showname>
      </Condition>
      <Condition>
        <name>PremiumBasePointInfo</name>
        <showname>基点</showname>
      </Condition>
    </lay>
    <lay>
      <eventID>PremiumArbitrageLine</eventID>
      <layID>0</layID>
      <layName>
      </layName>
      <visible>1</visible>
      <grahORtable>7</grahORtable>
      <portfolioID>$PortfolioID</portfolioID>
      <strategyID>$StrategyID</strategyID>
      <versionID>$VersionID</versionID>
      <bgColor>RGB(32,32,32)</bgColor>
      <position>
        <upleft>
          <x>0</x>
          <y>0</y>
        </upleft>
        <size>
          <w>100</w>
          <h>70</h>
        </size>
      </position>
      <DrawTxtfont>
        <color>RGB(255,255,255)</color>
        <type>Arial Narrow</type>
        <size>8</size>
        <bord>0</bord>
        <italic>0</italic>
        <bold>0</bold>
      </DrawTxtfont>
      <border>
        <color>RGB(0,255,255)</color>
        <isDisplay>1</isDisplay>
        <lineType>1</lineType>
      </border>
      <grah>
        <relationID>0</relationID>
        <sizeRelationID>0</sizeRelationID>
        <isTransparence>0</isTransparence>
        <reticleColor>RGB(255,255,255)</reticleColor>
        <rightScrollStep>10</rightScrollStep>
        <leftScrollStep>10</leftScrollStep>
        <xFieldIndex>0</xFieldIndex>
        <yFieldIndex>
        </yFieldIndex>
        <leftYFieldIndex>
        </leftYFieldIndex>
        <coordinateX>
          <color>RGB(255,0,0)</color>
          <pixSpace>2</pixSpace>
          <visible>1</visible>
          <dataType>5</dataType>
          <font>
            <color>RGB(255,255,255)</color>
            <type>Arial Narrow</type>
            <size>8</size>
            <bord>0</bord>
            <italic>0</italic>
          </font>
          <reticleTip>
            <tipColor>RGB(255,0,0)</tipColor>
            <tipFont>
              <color>RGB(255,255,255)</color>
              <type>Arial Narrow</type>
              <size>8</size>
              <bord>0</bord>
              <italic>0</italic>
            </tipFont>
          </reticleTip>
        </coordinateX>
        <coordinateLeftY>
          <color>RGB(255,0,0)</color>
          <visible>1</visible>
          <axisSpace>8</axisSpace>
          <rangeType>0</rangeType>
          <userDefineMax>100</userDefineMax>
          <userDefineMin>2</userDefineMin>
          <digits>2</digits>
          <font>
            <color>RGB(255,255,255)</color>
            <type>Arial Narrow</type>
            <size>8</size>
            <bord>0</bord>
            <italic>0</italic>
          </font>
          <grid>
            <display>1</display>
            <lineColor>RGB(255,0,0)</lineColor>
            <lineType>1</lineType>
            <lineWidth>1</lineWidth>
            <alpha>69</alpha>
            <interval>3</interval>
          </grid>
          <reticleTip>
            <tipColor>RGB(255,0,0)</tipColor>
            <tipFont>
              <color>RGB(255,255,255)</color>
              <type>Arial Narrow</type>
              <size>8</size>
              <bord>0</bord>
              <italic>0</italic>
            </tipFont>
          </reticleTip>
        </coordinateLeftY>
        <coordinateRightY>
          <color>RGB(255,0,0)</color>
          <visible>1</visible>
          <axisSpace>8</axisSpace>
          <rangeType>0</rangeType>
          <userDefineMax>100</userDefineMax>
          <userDefineMin>2</userDefineMin>
          <digits>2</digits>
          <font>
            <color>RGB(255,255,255)</color>
            <type>Arial Narrow</type>
            <size>8</size>
            <bord>0</bord>
            <italic>0</italic>
          </font>
          <grid>
            <display>1</display>
            <lineColor>RGB(255,0,0)</lineColor>
            <lineType>1</lineType>
            <lineWidth>1</lineWidth>
            <alpha>69</alpha>
            <interval>3</interval>
          </grid>
          <reticleTip>
            <tipColor>RGB(255,0,0)</tipColor>
            <tipFont>
              <color>RGB(255,255,255)</color>
              <type>Arial Narrow</type>
              <size>8</size>
              <bord>0</bord>
              <italic>0</italic>
            </tipFont>
          </reticleTip>
        </coordinateRightY>
        <GraphAction>
          <ActionName>ActionName</ActionName>
          <RightMenuItem />
          <ActionReceiver />
        </GraphAction>
        <titletextfieldindex>
        </titletextfieldindex>
        <Shape>
          <Shapetype>0</Shapetype>
          <Shapestyle>0</Shapestyle>
          <Drawshapeelement>
            <Name>
            </Name>
            <LineColor>RGB(255,255,0)</LineColor>
            <LineType>0</LineType>
            <LineWidth>0</LineWidth>
          </Drawshapeelement>
          <Drawpointindex>
            <Value>2;</Value>
          </Drawpointindex>
        </Shape>
        <Shape>
          <Shapetype>0</Shapetype>
          <Shapestyle>0</Shapestyle>
          <Drawshapeelement>
            <Name>
            </Name>
            <LineColor>RGB(0,255,255)</LineColor>
            <LineType>0</LineType>
            <LineWidth>0</LineWidth>
          </Drawshapeelement>
          <Drawpointindex>
            <Value>3;</Value>
          </Drawpointindex>
        </Shape>
        <Shape>
          <Shapetype>0</Shapetype>
          <Shapestyle>0</Shapestyle>
          <Drawshapeelement>
            <Name>
            </Name>
            <LineColor>RGB(255,255,255)</LineColor>
            <LineType>0</LineType>
            <LineWidth>0</LineWidth>
          </Drawshapeelement>
          <Drawpointindex>
            <Value>4;</Value>
          </Drawpointindex>
        </Shape>
      </grah>
      <Condition>
        <name>_TimeKey</name>
      </Condition>
      <Condition>
        <name>IssueCode</name>
        <showname>ETF</showname>
      </Condition>
      <Condition>
        <name>PremiumRate</name>
        <showname>率</showname>
      </Condition>
      <Condition>
        <name>PremiumTradeCostPerShare</name>
        <showname>本</showname>
      </Condition>
      <Condition>
        <name>PremiumBasePointInfo</name>
        <showname>基点</showname>
      </Condition>
    </lay>
  </sub>
  <sub>
    <splitterWndID>sub04</splitterWndID>
    <visibleSetting>1</visibleSetting>
    <bgColor>RGB(0,0,0)</bgColor>
    <subID>sub04</subID>
    <layGroup>
      <group align="v" value="1;0;2;" displayBar="0" layOrGraph="0" />
    </layGroup>
    <position>
      <upleft>
        <x>0</x>
        <y>0</y>
      </upleft>
      <size>
        <h>100</h>
        <w>100</w>
      </size>
    </position>
    <border>
      <isDisplay>1</isDisplay>
      <color>RGB(105,105,105)</color>
      <lineType>0</lineType>
    </border>
    <Zorder>
    </Zorder>
    <lay>
      <eventID>DisCountArbitrageLine</eventID>
      <layID>1</layID>
      <layName>折价</layName>
      <visible>1</visible>
      <grahORtable>7</grahORtable>
      <portfolioID>$PortfolioID</portfolioID>
      <strategyID>$StrategyID</strategyID>
      <versionID>$VersionID</versionID>
      <bgColor>RGB(32,32,32)</bgColor>
      <position>
        <upleft>
          <x>0</x>
          <y>0</y>
        </upleft>
        <size>
          <w>100</w>
          <h>70</h>
        </size>
      </position>
      <DrawTxtfont>
        <color>RGB(0,255,0)</color>
        <type>Arial Narrow</type>
        <size>8</size>
        <bord>0</bord>
        <italic>0</italic>
        <bold>0</bold>
      </DrawTxtfont>
      <border>
        <color>RGB(0,255,255)</color>
        <isDisplay>1</isDisplay>
        <lineType>1</lineType>
      </border>
      <grah>
        <relationID>0</relationID>
        <sizeRelationID>0</sizeRelationID>
        <isTransparence>0</isTransparence>
        <reticleColor>RGB(255,255,255)</reticleColor>
        <rightScrollStep>10</rightScrollStep>
        <leftScrollStep>10</leftScrollStep>
        <xFieldIndex>0</xFieldIndex>
        <yFieldIndex>
        </yFieldIndex>
        <leftYFieldIndex>
        </leftYFieldIndex>
        <coordinateX>
          <color>RGB(255,0,0)</color>
          <pixSpace>2</pixSpace>
          <visible>1</visible>
          <dataType>5</dataType>
          <font>
            <color>RGB(255,255,255)</color>
            <type>Arial Narrow</type>
            <size>8</size>
            <bord>0</bord>
            <italic>0</italic>
          </font>
          <reticleTip>
            <tipColor>RGB(255,0,0)</tipColor>
            <tipFont>
              <color>RGB(255,255,255)</color>
              <type>Arial Narrow</type>
              <size>8</size>
              <bord>0</bord>
              <italic>0</italic>
            </tipFont>
          </reticleTip>
        </coordinateX>
        <coordinateLeftY>
          <color>RGB(255,0,0)</color>
          <visible>1</visible>
          <axisSpace>8</axisSpace>
          <rangeType>0</rangeType>
          <userDefineMax>100</userDefineMax>
          <userDefineMin>2</userDefineMin>
          <digits>2</digits>
          <font>
            <color>RGB(255,255,255)</color>
            <type>Arial Narrow</type>
            <size>8</size>
            <bord>0</bord>
            <italic>0</italic>
          </font>
          <grid>
            <display>1</display>
            <lineColor>RGB(255,0,0)</lineColor>
            <lineType>1</lineType>
            <lineWidth>1</lineWidth>
            <alpha>69</alpha>
            <interval>3</interval>
          </grid>
          <reticleTip>
            <tipColor>RGB(255,0,0)</tipColor>
            <tipFont>
              <color>RGB(255,255,255)</color>
              <type>Arial Narrow</type>
              <size>8</size>
              <bord>0</bord>
              <italic>0</italic>
            </tipFont>
          </reticleTip>
        </coordinateLeftY>
        <coordinateRightY>
          <color>RGB(255,0,0)</color>
          <visible>1</visible>
          <axisSpace>8</axisSpace>
          <rangeType>0</rangeType>
          <userDefineMax>100</userDefineMax>
          <userDefineMin>2</userDefineMin>
          <digits>2</digits>
          <font>
            <color>RGB(255,255,255)</color>
            <type>Arial Narrow</type>
            <size>8</size>
            <bord>0</bord>
            <italic>0</italic>
          </font>
          <grid>
            <display>1</display>
            <lineColor>RGB(255,0,0)</lineColor>
            <lineType>1</lineType>
            <lineWidth>1</lineWidth>
            <alpha>69</alpha>
            <interval>3</interval>
          </grid>
          <reticleTip>
            <tipColor>RGB(255,0,0)</tipColor>
            <tipFont>
              <color>RGB(255,255,255)</color>
              <type>Arial Narrow</type>
              <size>8</size>
              <bord>0</bord>
              <italic>0</italic>
            </tipFont>
          </reticleTip>
        </coordinateRightY>
        <GraphAction>
          <ActionName>ActionName</ActionName>
          <RightMenuItem />
          <ActionReceiver />
        </GraphAction>
        <Shape>
          <Shapetype>0</Shapetype>
          <Shapestyle>0</Shapestyle>
          <Drawshapeelement>
            <Name>
            </Name>
            <LineColor>RGB(0,255,0)</LineColor>
            <LineType>0</LineType>
            <LineWidth>0</LineWidth>
          </Drawshapeelement>
          <Drawpointindex>
            <Value>1;</Value>
          </Drawpointindex>
        </Shape>
        <Shape>
          <Shapetype>0</Shapetype>
          <Shapestyle>0</Shapestyle>
          <Drawshapeelement>
            <Name>
            </Name>
            <LineColor>RGB(255,255,0)</LineColor>
            <LineType>0</LineType>
            <LineWidth>0</LineWidth>
          </Drawshapeelement>
          <Drawpointindex>
            <Value>2;</Value>
          </Drawpointindex>
        </Shape>
        <Shape>
          <Shapetype>0</Shapetype>
          <Shapestyle>0</Shapestyle>
          <Drawshapeelement>
            <Name>
            </Name>
            <LineColor>RGB(255,255,255)</LineColor>
            <LineType>0</LineType>
            <LineWidth>0</LineWidth>
          </Drawshapeelement>
          <Drawpointindex>
            <Value>3;</Value>
          </Drawpointindex>
        </Shape>
        <titletextfieldindex>5;1;2;3;</titletextfieldindex>
        <TitleTextFieldColor>
          <Index>5</Index>
          <Color>RGB(255,0,0)</Color>
          <Digits>0</Digits>
          <Index>1</Index>
          <Color>RGB(0,255,0)</Color>
          <Index>2</Index>
          <Color>RGB(255,255,0)</Color>
          <Index>3</Index>
          <Color>RGB(255,255,255)</Color>
        </TitleTextFieldColor>
      </grah>
      <Condition>
        <name>_TimeKey</name>
      </Condition>
      <Condition>
        <name>DisCountIOPV</name>
        <showname>净</showname>
      </Condition>
      <Condition>
        <name>StockDiscountNetValue</name>
        <showname>盘净</showname>
      </Condition>
      <Condition>
        <name>DiscountMarketValue</name>
        <showname>市</showname>
      </Condition>
      <Condition>
        <name>DisCountRate</name>
        <showname>率</showname>
      </Condition>
      <Condition>
        <name>IssueCode</name>
        <showname>ETF</showname>
      </Condition>
      <Condition>
        <name>IssueName</name>
      </Condition>
      <Condition>
        <name>AskPrice_5</name>
        <showname>卖五</showname>
      </Condition>
      <Condition>
        <name>AskPrice_4</name>
        <showname>卖四</showname>
      </Condition>
      <Condition>
        <name>AskPrice_3</name>
        <showname>卖三</showname>
      </Condition>
      <Condition>
        <name>AskPrice_2</name>
        <showname>卖二</showname>
      </Condition>
      <Condition>
        <name>AskPrice_1</name>
        <showname>卖一</showname>
      </Condition>
      <Condition>
        <name>Price</name>
        <showname>现价</showname>
      </Condition>
      <Condition>
        <name>BidPrice_1</name>
        <showname>买一</showname>
      </Condition>
      <Condition>
        <name>BidPrice_2</name>
        <showname>买二</showname>
      </Condition>
      <Condition>
        <name>BidPrice_3</name>
        <showname>买三</showname>
      </Condition>
      <Condition>
        <name>BidPrice_4</name>
        <showname>买四</showname>
      </Condition>
      <Condition>
        <name>BidPrice_5</name>
        <showname>买五</showname>
      </Condition>
      <Condition>
        <name>DisCountTradeCostPerShare</name>
        <showname>本</showname>
      </Condition>
      <Condition>
        <name>DisCountBasePointInfo</name>
        <showname>基点</showname>
      </Condition>
    </lay>
    <lay>
      <eventID>DisCountArbitrageLine</eventID>
      <layID>0</layID>
      <layName>
      </layName>
      <visible>1</visible>
      <grahORtable>7</grahORtable>
      <portfolioID>$PortfolioID</portfolioID>
      <strategyID>$StrategyID</strategyID>
      <versionID>$VersionID</versionID>
      <bgColor>RGB(32,32,32)</bgColor>
      <position>
        <upleft>
          <x>0</x>
          <y>0</y>
        </upleft>
        <size>
          <w>100</w>
          <h>70</h>
        </size>
      </position>
      <DrawTxtfont>
        <color>RGB(255,255,255)</color>
        <type>Arial Narrow</type>
        <size>8</size>
        <bord>0</bord>
        <italic>0</italic>
        <bold>0</bold>
      </DrawTxtfont>
      <border>
        <color>RGB(0,255,255)</color>
        <isDisplay>1</isDisplay>
        <lineType>1</lineType>
      </border>
      <grah>
        <relationID>0</relationID>
        <sizeRelationID>0</sizeRelationID>
        <isTransparence>0</isTransparence>
        <reticleColor>RGB(255,255,255)</reticleColor>
        <rightScrollStep>10</rightScrollStep>
        <leftScrollStep>10</leftScrollStep>
        <xFieldIndex>0</xFieldIndex>
        <yFieldIndex>
        </yFieldIndex>
        <leftYFieldIndex>
        </leftYFieldIndex>
        <coordinateX>
          <color>RGB(255,0,0)</color>
          <pixSpace>2</pixSpace>
          <visible>1</visible>
          <dataType>5</dataType>
          <font>
            <color>RGB(255,255,255)</color>
            <type>Arial Narrow</type>
            <size>8</size>
            <bord>0</bord>
            <italic>0</italic>
          </font>
          <reticleTip>
            <tipColor>RGB(255,0,0)</tipColor>
            <tipFont>
              <color>RGB(255,255,255)</color>
              <type>Arial Narrow</type>
              <size>8</size>
              <bord>0</bord>
              <italic>0</italic>
            </tipFont>
          </reticleTip>
        </coordinateX>
        <coordinateLeftY>
          <color>RGB(255,0,0)</color>
          <visible>1</visible>
          <axisSpace>8</axisSpace>
          <rangeType>0</rangeType>
          <userDefineMax>100</userDefineMax>
          <userDefineMin>2</userDefineMin>
          <digits>2</digits>
          <font>
            <color>RGB(255,255,255)</color>
            <type>Arial Narrow</type>
            <size>8</size>
            <bord>0</bord>
            <italic>0</italic>
          </font>
          <grid>
            <display>1</display>
            <lineColor>RGB(255,0,0)</lineColor>
            <lineType>1</lineType>
            <lineWidth>1</lineWidth>
            <alpha>69</alpha>
            <interval>3</interval>
          </grid>
          <reticleTip>
            <tipColor>RGB(255,0,0)</tipColor>
            <tipFont>
              <color>RGB(255,255,255)</color>
              <type>Arial Narrow</type>
              <size>8</size>
              <bord>0</bord>
              <italic>0</italic>
            </tipFont>
          </reticleTip>
        </coordinateLeftY>
        <coordinateRightY>
          <color>RGB(255,0,0)</color>
          <visible>1</visible>
          <axisSpace>8</axisSpace>
          <rangeType>0</rangeType>
          <userDefineMax>100</userDefineMax>
          <userDefineMin>2</userDefineMin>
          <digits>2</digits>
          <font>
            <color>RGB(255,255,255)</color>
            <type>Arial Narrow</type>
            <size>8</size>
            <bord>0</bord>
            <italic>0</italic>
          </font>
          <grid>
            <display>1</display>
            <lineColor>RGB(255,0,0)</lineColor>
            <lineType>1</lineType>
            <lineWidth>1</lineWidth>
            <alpha>69</alpha>
            <interval>3</interval>
          </grid>
          <reticleTip>
            <tipColor>RGB(255,0,0)</tipColor>
            <tipFont>
              <color>RGB(255,255,255)</color>
              <type>Arial Narrow</type>
              <size>8</size>
              <bord>0</bord>
              <italic>0</italic>
            </tipFont>
          </reticleTip>
        </coordinateRightY>
        <GraphAction>
          <ActionName>ActionName</ActionName>
          <RightMenuItem />
          <ActionReceiver />
        </GraphAction>
        <titletextfieldindex>
        </titletextfieldindex>
        <Shape>
          <Shapetype>0</Shapetype>
          <Shapestyle>0</Shapestyle>
          <Drawshapeelement>
            <Name>
            </Name>
            <LineColor>RGB(255,255,0)</LineColor>
            <LineType>0</LineType>
            <LineWidth>0</LineWidth>
          </Drawshapeelement>
          <Drawpointindex>
            <Value>2;</Value>
          </Drawpointindex>
        </Shape>
        <Shape>
          <Shapetype>0</Shapetype>
          <Shapestyle>0</Shapestyle>
          <Drawshapeelement>
            <Name>
            </Name>
            <LineColor>RGB(0,255,255)</LineColor>
            <LineType>0</LineType>
            <LineWidth>0</LineWidth>
          </Drawshapeelement>
          <Drawpointindex>
            <Value>3;</Value>
          </Drawpointindex>
        </Shape>
        <Shape>
          <Shapetype>0</Shapetype>
          <Shapestyle>0</Shapestyle>
          <Drawshapeelement>
            <Name>
            </Name>
            <LineColor>RGB(255,255,255)</LineColor>
            <LineType>0</LineType>
            <LineWidth>0</LineWidth>
          </Drawshapeelement>
          <Drawpointindex>
            <Value>4;</Value>
          </Drawpointindex>
        </Shape>
      </grah>
      <Condition>
        <name>_TimeKey</name>
      </Condition>
      <Condition>
        <name>IssueCode</name>
        <showname>ETF</showname>
      </Condition>
      <Condition>
        <name>DisCountRate</name>
        <showname>率</showname>
      </Condition>
      <Condition>
        <name>DisCountTradeCostPerShare</name>
        <showname>本</showname>
      </Condition>
      <Condition>
        <name>DisCountBasePointInfo</name>
        <showname>基点</showname>
      </Condition>
    </lay>
  </sub>
  <sub>
    <splitterWndID>sub05</splitterWndID>
    <visibleSetting>1</visibleSetting>
    <bgColor>RGB(0,0,0)</bgColor>
    <subID>sub05</subID>
    <layGroup />
    <position>
      <upleft>
        <x>0</x>
        <y>0</y>
      </upleft>
      <size>
        <h>100</h>
        <w>100</w>
      </size>
    </position>
    <border>
      <isDisplay>1</isDisplay>
      <color>RGB(105,105,105)</color>
      <lineType>0</lineType>
    </border>
    <Zorder>
    </Zorder>
    <lay>
      <portfolioID>$PortfolioID</portfolioID>
      <strategyID>$StrategyID</strategyID>
      <versionID>$VersionID</versionID>
      <eventID>eventID</eventID>
      <layID>1</layID>
      <layName>layName</layName>
      <visible>1</visible>
      <tabPageIndex>-1</tabPageIndex>
      <position>
        <upleft>
          <x>0</x>
          <y>4</y>
        </upleft>
        <size>
          <h>100</h>
          <w>100</w>
        </size>
      </position>
      <bgColor>RGB(245,245,245)</bgColor>
      <border>
        <isDisplay>1</isDisplay>
        <color>RGB(255,255,255)</color>
        <lineType>0</lineType>
      </border>
      <DrawTxtfont>
        <color>RGB(255,255,255)</color>
        <type>宋体</type>
        <size>13</size>
        <bord>1</bord>
        <italic>0</italic>
      </DrawTxtfont>
      <graphORtable>6</graphORtable>
      <ControlEventObject>ControlEvent.ControlEventID</ControlEventObject>
    </lay>
  </sub>
</workSpace>